og_name,name,true_name,ipeds_dummy,canada,
University of Missouri,University of Missouri,University of Missouri-Columbia,FALSE,,
University of Michigan Ann Arbor,University of Michigan Ann Arbor,University of Michigan-Ann Arbor,FALSE,,
Georgia State University in Atlanta,Georgia State University in Atlanta,Georgia State University,FALSE,,
University of Wisconsin Green Bay,University of Wisconsin Green Bay,University of Wisconsin-Green Bay,FALSE,,
Depauw University,Depauw University,DePauw University,FALSE,,
"University of California, Berkeley","University of California, Berkeley",University of California-Berkeley,FALSE,,
Harvard Law,Harvard Law,Harvard University,FALSE,,
Harvard Law School,Harvard Law School,Harvard University,FALSE,,
University of Texas Austin,University of Texas Austin,The University of Texas at Austin,FALSE,,
Indiana University,Indiana University,Indiana University-Bloomington,FALSE,,
University at Albany,University at Albany,SUNY at Albany,FALSE,,
University of Nevada Las Vegas,University of Nevada Las Vegas,University of Nevada-Las Vegas,FALSE,,
Carleton University,Carleton University,Carleton College,FALSE,,
University of Ottawa,University of Ottawa,,FALSE,TRUE,
University of Colorado,University of Colorado,University of Colorado Boulder,FALSE,,
Southern Illinois University,Southern Illinois University,Southern Illinois University Carbondale,FALSE,,
Shippensburg University,Shippensburg University,Shippensburg University of Pennsylvania,FALSE,,
University of Minnesota,University of Minnesota,University of Minnesota-Twin Cities,FALSE,,
York University,York University,,FALSE,TRUE,
Ryerson University,Ryerson University,,FALSE,TRUE,
University of Toronto,University of Toronto,,FALSE,,
University of California Los Angeles,University of California Los Angeles,University of California-Los Angeles,FALSE,,
California State University Los Angeles,California State University Los Angeles,California State University-Los Angeles,FALSE,,
West Chester University,West Chester University,West Chester University of Pennsylvania,FALSE,,
University of Georgia in Athens,University of Georgia in Athens,University of Georgia,FALSE,,
University of California San Diego,University of California San Diego,University of California-San Diego,FALSE,,
Colorado State University,Colorado State University,Colorado State University-Fort Collins,FALSE,,
University of British Columbia,University of British Columbia,,FALSE,TRUE,
SUNY at Geneseo,SUNY at Geneseo,SUNY College at Geneseo,FALSE,,
Michigan Tech University,Michigan Tech University,Michigan Technological University,FALSE,,
"Smith College in Northampton, Massachusetts","Smith College in Northampton, Massachusetts",Smith College,FALSE,,
Miami University,Miami University,University of Miami,FALSE,,
North Carolina State University,North Carolina State University,North Carolina State University at Raleigh,FALSE,,
University of Pittsburgh Pittsburgh Campus,University of Pittsburgh Pittsburgh Campus,University of Pittsburgh-Pittsburgh Campus,FALSE,,
Texas State University San Marcos,Texas State University San Marcos,Texas State University-San Marcos,FALSE,,
University of North Carolina Asheville,University of North Carolina Asheville,University of North Carolina at Asheville,FALSE,,
SUNY Brockport,SUNY Brockport,SUNY College at Brockport,FALSE,,
Simon Fraser University,Simon Fraser University,,FALSE,TRUE,
Polytechnic State University,Polytechnic State University,California Polytechnic State University-San Luis Obispo,FALSE,,
University of Calgary,University of Calgary,,FALSE,TRUE,
UNC-Chapel Hill,UNC-Chapel Hill,University of North Carolina at Chapel Hill,FALSE,,
University of California at Davis,University of California at Davis,University of California-Davis,FALSE,,
NAU,NAU,Northern Arizona University,FALSE,,
Queens College,Queens College,CUNY Queens College,FALSE,,
University of Massachusetts at Amherst,University of Massachusetts at Amherst,University of Massachusetts Amherst,FALSE,,
University of New Brunswick,University of New Brunswick,,FALSE,TRUE,
Dalhousie University,Dalhousie University,,FALSE,TRUE,
Columbia University,Columbia University,Columbia University in the City of New York,FALSE,,
University of Southern Misissippi,University of Southern Misissippi,University of Southern Mississippi,FALSE,,
MIT,MIT,Massachusetts Institute of Technology,FALSE,,
Cal State East Bay,Cal State East Bay,California State University-East Bay,FALSE,,
Kent State University,Kent State University,Kent State University at Kent,FALSE,,
McMaster University,McMaster University,,FALSE,TRUE,
University of Hawaii Manoa,University of Hawaii Manoa,University of Hawaii at Manoa,FALSE,,
Brigham Young University,Brigham Young University,Brigham Young University-Provo,FALSE,,
SUNY Purchase,SUNY Purchase,SUNY at Purchase College,FALSE,,
St Cloud State University,St Cloud State University,Saint Cloud State University,FALSE,,
Washington University St.Louis,Washington University St.Louis,Washington University in St Louis,FALSE,,
Central Connecticut University,Central Connecticut University,Central Connecticut State University,FALSE,,
UC Santa Barbara,UC Santa Barbara,University of California-Santa Barbara,FALSE,,
UC Santa Cruz,UC Santa Cruz,University of California-Santa Cruz,FALSE,,
Western Illinois University Quad City riverfront campus,Western Illinois University Quad City riverfront campus,Western Illinois University,FALSE,,
University of Pittsburgh,University of Pittsburgh,University of Pittsburgh-Pittsburgh Campus,FALSE,,
Chatham College,Chatham College,Chatham University,FALSE,,
University of Illinois Springfield,University of Illinois Springfield,University of Illinois at Springfield,FALSE,,
Laurentian University,Laurentian University,,FALSE,TRUE,
Louisiana State University,Louisiana State University,Louisiana State University-System Office,FALSE,,
Brock University,Brock University,,FALSE,TRUE,
Missouri Western State College,Missouri Western State College,Missouri Western State University,FALSE,,
University of Colorado at Boulder,University of Colorado at Boulder,University of Colorado Boulder,FALSE,,
California State University Long Beach,California State University Long Beach,California State University-Long Beach,FALSE,,
SUNY New Paltz,SUNY New Paltz,State University of New York at New Paltz,FALSE,,
Buffalo,Buffalo,University at Buffalo,FALSE,,
University of Illinois,University of Illinois,University of Illinois at Urbana-Champaign,FALSE,,
College of Staten Island,College of Staten Island,College of Staten Island CUNY,FALSE,,
SUNY College at New Paltz,SUNY College at New Paltz,State University of New York at New Paltz,FALSE,,
University of Prince Edward Island,University of Prince Edward Island,,FALSE,TRUE,
College of New Jersey,College of New Jersey,The College of New Jersey,FALSE,,
Concordia University,Concordia University,,FALSE,TRUE,
University of Toronto Mississauga,University of Toronto Mississauga,,FALSE,TRUE,
Hampshire College in Massachusetts,Hampshire College in Massachusetts,Hampshire College,FALSE,,
University of Massachusetts,University of Massachusetts,University of Massachusetts-Amherst,FALSE,,
University of Texas Arlington,University of Texas Arlington,The University of Texas at Arlington,FALSE,,
University of Louisiana Lafayette,University of Louisiana Lafayette,University of Louisiana at Lafayette,FALSE,,
University of Manitoba,University of Manitoba,,FALSE,TRUE,
University of Montana,University of Montana,The University of Montana,FALSE,,
Longwood College,Longwood College,Longwood University,FALSE,,
Framingham State College,Framingham State College,Framingham State University,FALSE,,
Mary Washington,Mary Washington,Framingham State University,FALSE,,
McGill University,McGill University,,FALSE,TRUE,
UQÀM,UQÀM,,FALSE,TRUE,
University of Michigan,University of Michigan,University of Michigan-Ann Arbor,FALSE,,
McGill,McGill,,FALSE,TRUE,
University of Guelph,University of Guelph,,FALSE,TRUE,
University of Victoria,University of Victoria,,FALSE,TRUE,
University of Texas at Austin,University of Texas at Austin,The University of Texas at Austin,FALSE,,
"Bloomsburg, California, Cheyney, Clarion, East Stroudsburg, Edinboro, Indiana, Kutztown, Lock Haven, Mansfield, Millersville, Shippensburg, Slippery Rock and West Chester universities of Pennsylvania","Bloomsburg, California, Cheyney, Clarion, East Stroudsburg, Edinboro, Indiana, Kutztown, Lock Haven, Mansfield, Millersville, Shippensburg, Slippery Rock and West Chester universities of Pennsylvania",,FALSE,,
North Carolina A-T State University,North Carolina A-T State University,North Carolina A & T State University,FALSE,,
Baruch College,Baruch College,CUNY Bernard M Baruch College,FALSE,,
New School,New School,The New School,FALSE,,
UH-Manoa,UH-Manoa,University of Hawaii at Manoa,FALSE,,
The Massachusetts Institute of Technology,The Massachusetts Institute of Technology,Massachusetts Institute of Technology,FALSE,,
UC Irvine,UC Irvine,University of California-Irvine,FALSE,,
University of Missouri Kansas City,University of Missouri Kansas City,University of Missouri-Kansas City,FALSE,,
Creighton University The Creightonian,Creighton University The Creightonian,Creighton University,FALSE,,
SUNY,SUNY,SUNY Buffalo State,FALSE,,
University of Texas- Austin,University of Texas- Austin,The University of Texas at Austin,FALSE,,
The University of San Diego,The University of San Diego,University of San Diego,FALSE,,
University of Texas,University of Texas,The University of Texas at Austin,FALSE,,
the University of Southern California,the University of Southern California,University of Southern California,FALSE,,
UCLA,UCLA,University of California-Los Angeles,FALSE,,
Texas A &M University Kingsville,Texas A &M University Kingsville,Texas A & M University-Kingsville,FALSE,,
University of Wisconsin LaCrosse,University of Wisconsin LaCrosse,University of Wisconsin-La Crosse,FALSE,,
University of California,University of California,University of California-Berkeley,FALSE,,
"University of Nevada, Las Vegas","University of Nevada, Las Vegas",University of Nevada-Las Vegas,FALSE,,
The Claremont Colleges,The Claremont Colleges,Claremont McKenna College,FALSE,,
St. Olaf,St. Olaf,St Olaf College,FALSE,,
"University of California, San Diego","University of California, San Diego",University of California-San Diego,FALSE,,
UC San Diego,UC San Diego,University of California-San Diego,FALSE,,
Cegep du Vieux Montreal,Cegep du Vieux Montreal,,FALSE,TRUE,
Cégep de Saint-Laurent,Cégep de Saint-Laurent,,FALSE,TRUE,
Concord College,Concord College,Concord University,FALSE,,
Rutgers University,Rutgers University,Rutgers University-New Brunswick,FALSE,,
University of Puerto Rico,University of Puerto Rico,University of Puerto Rico-Rio Piedras,FALSE,,
Long Island University Brooklyn Campus,Long Island University Brooklyn Campus,Long Island University-Brooklyn Campus,FALSE,,
Hunter College,Hunter College,CUNY Hunter College,FALSE,,
Lehman College,Lehman College,CUNY Lehman College,FALSE,,
NYU,NYU,New York University,FALSE,,
Cal Poly San Luis Obispo,Cal Poly San Luis Obispo,California Polytechnic State University-San Luis Obispo,FALSE,,
Westchester Community College,Westchester Community College,SUNY Westchester Community College,FALSE,,
University of Texas Pan American,University of Texas Pan American,The University of Texas-Pan American,FALSE,,
Prairie View A&M University,Prairie View A&M University,Prairie View A & M University,FALSE,,
University of Washington,University of Washington,University of Washington-Seattle Campus,FALSE,,
University of Washington Seattle campus,University of Washington Seattle campus,University of Washington-Seattle Campus,FALSE,,
University of Saksa,University of Saksa,,FALSE,TRUE,
UC Berkeley,UC Berkeley,University of California-Berkeley,FALSE,,
UCSF,UCSF,University of California-San Francisco,FALSE,,
UCSF Mission Bay,UCSF Mission Bay,University of California-San Francisco,FALSE,,
UC San Francisco,UC San Francisco,,FALSE,,
St Michael's College,St Michael's College,Saint Michael's College,FALSE,,
the University of California San Diego,the University of California San Diego,University of California-San Diego,FALSE,,
University California San Diego,University California San Diego,University of California-San Diego,FALSE,,
Shippensburg,Shippensburg,Shippensburg University of Pennsylvania,FALSE,,
Loyola College Maryland,Loyola College Maryland,Loyola University Maryland,FALSE,,
University of Missouri St.Louis,University of Missouri St.Louis,University of Missouri-St Louis,FALSE,,
University of Wisconsin Eau Claire,University of Wisconsin Eau Claire,University of Wisconsin-Eau Claire,FALSE,,
Wilfrid Laurier University,Wilfrid Laurier University,,FALSE,TRUE,
St. Paul College,St. Paul College,Saint Paul College,FALSE,,
El Camino College,El Camino College,El Camino College-Compton Center,FALSE,,
Florida A&M,Florida A&M,Florida Agricultural and Mechanical University,FALSE,,
University of Tampa,University of Tampa,The University of Tampa,FALSE,,
Texas A&M University in College Station,Texas A&M University in College Station,Texas A & M University-College Station,FALSE,,
Texas A &M University,Texas A &M University,Texas A & M University-College Station,FALSE,,
Texas A&M University,Texas A&M University,Texas A & M University-College Station,FALSE,,
University of Winnipeg,University of Winnipeg,,FALSE,TRUE,
the University of Toronto campus,the University of Toronto campus,,FALSE,TRUE,
University of Alberta,University of Alberta,,FALSE,TRUE,
UC Riverside,UC Riverside,University of California-Riverside,FALSE,,
University of Virginia Wise,University of Virginia Wise,The University of Virginia's College at Wise,FALSE,,
University of Texas Dallas,University of Texas Dallas,The University of Texas at Dallas,FALSE,,
UC Davis,UC Davis,University of California-Davis,FALSE,,
"University of California, Davis","University of California, Davis",University of California-Davis,FALSE,,
"University of California,Davis","University of California,Davis",University of California-Davis,FALSE,,
Bethune Cookman University,Bethune Cookman University,Bethune-Cookman University,FALSE,,
Linfield College,Linfield College,Linfield College-McMinnville Campus,FALSE,,
Media network college,Media network college,,FALSE,,
Concordia,Concordia,Concordia College-New York,FALSE,,
CÉGEP Vieux-Montreal,CÉGEP Vieux-Montreal,,FALSE,TRUE,
l’Université du Québec à Montréal (UQAM),l’Université du Québec à Montréal (UQAM),,FALSE,TRUE,
University of Montreal,University of Montreal,,FALSE,TRUE,
"already demonstrated at Humber College, Sheridan College and Fanshaw College in London, Ont","already demonstrated at Humber College, Sheridan College and Fanshaw College in London, Ont",,FALSE,TRUE,
CEGEP Maisonneuve,CEGEP Maisonneuve,,FALSE,TRUE,
CEGEP Marie-Victorin,CEGEP Marie-Victorin,,FALSE,TRUE,
CEGEP Saint-Laurent,CEGEP Saint-Laurent,,FALSE,TRUE,
UTSG,UTSG,,FALSE,TRUE,
Selkirk College,Selkirk College,,FALSE,TRUE,
University of North Carolina Charlotte,University of North Carolina Charlotte,University of North Carolina at Charlotte,FALSE,,
"Southern Illinois University,Carbondale","Southern Illinois University,Carbondale",Southern Illinois University Carbondale,FALSE,,
North Carolina at Charlotte,North Carolina at Charlotte,University of North Carolina at Charlotte,FALSE,,
St.Mary's College of Maryland,St.Mary's College of Maryland,St. Mary's College of Maryland,FALSE,,
sign listing kinds of sinners hated by God,sign listing kinds of sinners hated by God,,FALSE,,
Auraria Campus,Auraria Campus,University of Colorado Denver,FALSE,,
UQAM,UQAM,,FALSE,TRUE,
CEGEP du Vieux-Montreal,CEGEP du Vieux-Montreal,,FALSE,TRUE,
L’Université du Québec à Montréal,L’Université du Québec à Montréal,,FALSE,TRUE,
ETSU,ETSU,East Tennessee State University,FALSE,,
East Tennessee State University:,East Tennessee State University:,East Tennessee State University,FALSE,,
University of Arkansas Main Campus,University of Arkansas Main Campus,University of Arkansas,FALSE,,
University of Nebraska at Lincoln,University of Nebraska at Lincoln,University of Nebraska-Lincoln,FALSE,,
K-State,K-State,Kansas State University,FALSE,,
Georgia Tech,Georgia Tech,Georgia Institute of Technology-Main Campus,FALSE,,
University of California-Berkley,University of California-Berkley,University of California-Berkeley,FALSE,,
University of California at Berkeley,University of California at Berkeley,University of California-Berkeley,FALSE,,
Millersville University,Millersville University,Millersville University of Pennsylvania,FALSE,,
Virginia Tech,Virginia Tech,Virginia Polytechnic Institute and State University ,FALSE,,
Berklee College,Berklee College,Berklee College of Music,FALSE,,
Université de Montréal (UdeM),Université de Montréal (UdeM),,FALSE,TRUE,
the University of Minnesota's St. Paul campus,the University of Minnesota's St. Paul campus,University of Minnesota-Twin Cities,FALSE,,
University of South Florida St.Petersburg,University of South Florida St.Petersburg,University of South Florida-St Petersburg,FALSE,,
Florida A&M University,Florida A&M University,Florida Agricultural and Mechanical University,FALSE,,
Laurier,Laurier,,FALSE,TRUE,
Peace College,Peace College,William Peace University,FALSE,,
Centennial College,Centennial College,Centenary College,FALSE,,
Seneca at York,Seneca at York,,FALSE,TRUE,
George Brown College,George Brown College,,FALSE,TRUE,
Seneca college campus at York University,Seneca college campus at York University,,FALSE,TRUE,
Sheridan college,Sheridan college,,FALSE,TRUE,
Brooklyn College,Brooklyn College,CUNY Brooklyn College,FALSE,,
University of Waterloo,University of Waterloo,,FALSE,TRUE,
Université du Québec à Montréal,Université du Québec à Montréal,,FALSE,TRUE,
Université de Montréal,Université de Montréal,,FALSE,TRUE,
Universite de Montreal,Universite de Montreal,,FALSE,TRUE,
CEGEP Lionel-Groulx,CEGEP Lionel-Groulx,,FALSE,TRUE,
Université Laval,Université Laval,,FALSE,TRUE,
CEGEP Edouard-Montpetit,CEGEP Edouard-Montpetit,,FALSE,TRUE,
University of Sherbrooke,University of Sherbrooke,,FALSE,TRUE,
CEGEP Montmorency,CEGEP Montmorency,,FALSE,TRUE,
St. Louis Community College,St. Louis Community College,Saint Louis Community College,FALSE,,
"California State University, San Marcos","California State University, San Marcos",California State University-San Marcos,FALSE,,
UCSF Mission Bay campus,UCSF Mission Bay campus,University of San Francisco,FALSE,,
Ocean,Ocean,Ocean County College,FALSE,,
Chinatown,Chinatown,,FALSE,,
Caltech,Caltech,California Institute of Technology,FALSE,,
UCSD,UCSD,University of California-San Diego,FALSE,,
University of Toronto Scarborough,University of Toronto Scarborough,,FALSE,TRUE,
University of Maryland,University of Maryland,University of Maryland-College Park,FALSE,,
USC,USC,University of Southern California,FALSE,,
University of Northern British Columbia,University of Northern British Columbia,,FALSE,TRUE,
Thompson Rivers University,Thompson Rivers University,,FALSE,TRUE,
UCSF Mission Bay Campus,UCSF Mission Bay Campus,University of California-San Francisco,FALSE,,
Ontario College of Art and Design University,Ontario College of Art and Design University,,FALSE,TRUE,
City College of New York,City College of New York,CUNY City College,FALSE,,
GVSU,GVSU,Grand Valley State University,FALSE,,
"CUPE members held a silent protest outside of the library and Maggie Benston Centre, and on Oct. 19, they walked off the job and picketed the SFU Vancouver locations, including the Harbour Centre and Woodward’s campuses","CUPE members held a silent protest outside of the library and Maggie Benston Centre, and on Oct. 19, they walked off the job and picketed the SFU Vancouver locations, including the Harbour Centre and Woodward’s campuses",,FALSE,TRUE,
"SFU’s Vancouver campuses, including Harbour Centre and Woodward’s, were picketed on Saturday and Sunday","SFU’s Vancouver campuses, including Harbour Centre and Woodward’s, were picketed on Saturday and Sunday",,FALSE,TRUE,
Native Education College,Native Education College,,FALSE,TRUE,
Simon Fraser,Simon Fraser,,FALSE,TRUE,
University of Tennessee in Chattanooga,University of Tennessee in Chattanooga,The University of Tennessee-Chattanooga,FALSE,,
SFU’s Vancouver and Surrey campuses,SFU’s Vancouver and Surrey campuses,,FALSE,TRUE,
all three of SFU’s campuses,all three of SFU’s campuses,,FALSE,TRUE,
Rutgers,Rutgers,Rutgers University-New Brunswick,FALSE,,
California State University - Fullerton,California State University - Fullerton,California State University-Fullerton,FALSE,,
Mesa State College,Mesa State College,Mesa Community College,FALSE,,
Haverford and Bryn Mawr Colleges,Haverford and Bryn Mawr Colleges,"Haverford College,ryn Mawr College",FALSE,,
University of Hawai'i at Hilo,University of Hawai'i at Hilo,University of Hawaii at Hilo,FALSE,,
Michigan Tech,Michigan Tech,Michigan Technological University,FALSE,,
University of Hawaii,University of Hawaii,University of Hawaii at Manoa,FALSE,,
Amherst College in Massachusetts,Amherst College in Massachusetts,University of Massachusetts-Amherst,FALSE,,
Harvard Medical School,Harvard Medical School,Harvard University,FALSE,,
Harvard Graduate School of Education,Harvard Graduate School of Education,Harvard University,FALSE,,
University of Toronto.,University of Toronto.,,FALSE,TRUE,
Ryerson,Ryerson,,FALSE,TRUE,
Cal Poly Pomona,Cal Poly Pomona,California State Polytechnic University-Pomona,FALSE,,
Cal State Fullerton,Cal State Fullerton,California State University-Fullerton,FALSE,,
Cal State Northridge,Cal State Northridge,California State University-Northridge,FALSE,,
OU,OU,University of Oklahoma-Norman Campus,FALSE,,
University of Texas-Austin,University of Texas-Austin,The University of Texas at Austin,FALSE,,
UIS,UIS,University of Illinois at Springfield,FALSE,,
Laurentian University’,Laurentian University’,,FALSE,TRUE,
UTM,UTM,The University of Tennessee-Martin,FALSE,,
universities across Louisiana,universities across Louisiana,,FALSE,,
IU-Purdue University Indianapolis,IU-Purdue University Indianapolis,Indiana University-Purdue University-Indianapolis,FALSE,,
IU-Bloomington,IU-Bloomington,Indiana University-Bloomington,FALSE,,
20 other SUNY campuses,20 other SUNY campuses,,FALSE,,
University of Illinois [at] Chicago,University of Illinois [at] Chicago,University of Illinois at Chicago,FALSE,,
several Chicago-area colleges,several Chicago-area colleges,,FALSE,,
Fresno State,Fresno State,California State University-Fresno,FALSE,,
John Abbott College,John Abbott College,,FALSE,TRUE,
Lock Haven University of Pennsylvania,Lock Haven University of Pennsylvania,Lock Haven University,FALSE,,
Connecticut State University,Connecticut State University,Central Connecticut State University,FALSE,,
UNCG,UNCG,University of North Carolina at Greensboro,FALSE,,
A&T,A&T,North Carolina A & T State University,FALSE,,
CUNY,CUNY,CUNY City College,FALSE,,
Baruch,Baruch,CUNY Bernard M Baruch College,FALSE,,
Honolulu CC,Honolulu CC,Honolulu Community College,FALSE,,
Texas Southern University.,Texas Southern University.,Texas Southern University,FALSE,,
the 23 California State University campuses,the 23 California State University campuses,,FALSE,,
Cégep du Vieux Montréal,Cégep du Vieux Montréal,,FALSE,TRUE,
MSUM,MSUM,Minnesota State University Moorhead,FALSE,,
WSU,WSU,Washington State University,FALSE,,
California State University,California State University,California State University-Fullerton,FALSE,,
all 23 California State Universities,all 23 California State Universities,,FALSE,,
Cal State Long Beach,Cal State Long Beach,California State University-Long Beach,FALSE,,
other CSUs,other CSUs,,FALSE,,
different CSU campuses,different CSU campuses,,FALSE,,
CSU Northridge,CSU Northridge,California State University-Northridge,FALSE,,
CSU Dominguez Hills,CSU Dominguez Hills,California State University-Dominguez Hills,FALSE,,
CSU Los Angeles,CSU Los Angeles,California State University-Los Angeles,FALSE,,
Chico State,Chico State,California State University-Chico,FALSE,,
City University of New York,City University of New York,CUNY City College,FALSE,,
University of Washington.,University of Washington.,University of Washington-Seattle Campus,FALSE,,
Alameda Community College,Alameda Community College,College of Alameda,FALSE,,
University of California - Los Angeles,University of California - Los Angeles,University of California-Los Angeles,FALSE,,
California State University Los Angeles,California State University Los Angeles,California State University-Los Angeles,FALSE,,
Georgetown Solidarity Committee,Georgetown Solidarity Committee,Georgetown University,FALSE,,
University California San Diego],University California San Diego],University of California-San Diego,FALSE,,
UTSC,UTSC,,FALSE,TRUE,
Community College of Baltimore County Essex,Community College of Baltimore County Essex,Community College of Baltimore County,FALSE,,
Brandon University,Brandon University,,FALSE,TRUE,
Université de Saint Boniface,Université de Saint Boniface,,FALSE,TRUE,
Collège Lionel-Groulx,Collège Lionel-Groulx,,FALSE,TRUE,
CÉGEP de Drummondville,CÉGEP de Drummondville,,FALSE,TRUE,
CÉGEP du Vieux-Montréal,CÉGEP du Vieux-Montréal,,FALSE,TRUE,
CÉGEP St-Laurent,CÉGEP St-Laurent,,FALSE,TRUE,
University of Laval,University of Laval,,FALSE,TRUE,
CEGEP Vieux-Montreal,CEGEP Vieux-Montreal,,FALSE,TRUE,
Brock University,Brock University,,FALSE,TRUE,
York University,York University,,FALSE,TRUE,
Geulph University,Geulph University,,FALSE,TRUE,
George Brown College.,George Brown College.,,FALSE,TRUE,
NC State,NC State,North Carolina State University at Raleigh,FALSE,,
St. Augustine,St. Augustine,Saint Augustine College,FALSE,,
Claremont Colleges,Claremont Colleges,Pomona College,FALSE,,
Concordia,Concordia,,FALSE,TRUE,
Cégep du Vieux-Montréal,Cégep du Vieux-Montréal,,FALSE,TRUE,
Université du Québec à Montreal,Université du Québec à Montreal,,FALSE,TRUE,
Collège de Maisonneuve,Collège de Maisonneuve,,FALSE,TRUE,
CEGEP du Vieux Montréal,CEGEP du Vieux Montréal,,FALSE,TRUE,
several CEGEPs in the downtown Montreal area,several CEGEPs in the downtown Montreal area,,FALSE,TRUE,
UChicago,UChicago,University of Chicago,FALSE,,
the Art Institute of Chicago,the Art Institute of Chicago,School of the Art Institute of Chicago,FALSE,,
Middleburry College,Middleburry College,Middlebury College,FALSE,,
universities across Quebec,universities across Quebec,,FALSE,TRUE,
Cégep de Jonquière.,Cégep de Jonquière.,,FALSE,TRUE,
McGill University.,McGill University.,,FALSE,TRUE,
Université du Québec à Montréal (UQAM),Université du Québec à Montréal (UQAM),,FALSE,TRUE,
Cégép Ahuntsic,Cégép Ahuntsic,,FALSE,TRUE,
CEGEP Regional De Lanaudière à L’assomption,CEGEP Regional De Lanaudière à L’assomption,,FALSE,TRUE,
Loyola,Loyola,Loyola University Chicago,FALSE,,
University of Louisiana,University of Louisiana,University of Louisiana at Lafayette,FALSE,,
UL system,UL system,University of Louisiana at Lafayette,FALSE,,
University of New Orleans school of hotel restaurant and tourism.,University of New Orleans school of hotel restaurant and tourism.,University of New Orleans,FALSE,,
Nicholls State John Folse culinary institute,Nicholls State John Folse culinary institute,Nicholls State University,FALSE,,
francophone universities,francophone universities,,FALSE,TRUE,
CEGEPs,CEGEPs,,FALSE,TRUE,
l’Université de Montréal,l’Université de Montréal,,FALSE,TRUE,
UC San Francisco,UC San Francisco,University of California-San Francisco,FALSE,,
UC Santa Cruz,UC Santa Cruz,University of California-Santa Cruz,FALSE,,
UC Merced,UC Merced,University of California-Merced,FALSE,,
UC campuses,UC campuses,,FALSE,,
Boston University',Boston University',Boston University,FALSE,,
College the School of Public Health,College the School of Public Health,,FALSE,,
mix of university and CEGEP students,mix of university and CEGEP students,,FALSE,TRUE,
UMass Boston,UMass Boston,University of Massachusetts-Boston,FALSE,,
Florida A&M Universit,Florida A&M Universit,Florida Agricultural and Mechanical University,FALSE,,
George Brown,George Brown,,FALSE,TRUE,
Niagara College,Niagara College,,FALSE,TRUE,
Seneca’s Newnham campus.,Seneca’s Newnham campus.,,FALSE,TRUE,
Indiana University South Bend,Indiana University South Bend,Indiana University-South Bend,FALSE,,
Evergreen State college,Evergreen State college,The Evergreen State College,FALSE,,
South Puget Sound,South Puget Sound,South Puget Sound Community College,FALSE,,
Claflin universities,Claflin universities,Claflin University,FALSE,,
Vanier College,Vanier College,,FALSE,TRUE,
Oakland University.,Oakland University.,Oakland University,FALSE,,
Université de Québec à Montréal,Université de Québec à Montréal,,FALSE,TRUE,
CÉGEP de Saint-Laurent,CÉGEP de Saint-Laurent,,FALSE,TRUE,
Montreal CEGEPS,Montreal CEGEPS,,FALSE,TRUE,
l’Université du Québec à Montréal (UQAM),l’Université du Québec à Montréal (UQAM),,FALSE,TRUE,
Cégep Rosemont,Cégep Rosemont,,FALSE,TRUE,
Université de Montréal (UdeM).,Université de Montréal (UdeM).,,FALSE,TRUE,
Indiana University |,Indiana University |,Indiana University-Bloomington,FALSE,,
CEGEP de Jonquière,CEGEP de Jonquière,,FALSE,TRUE,
Université du Québec à Chicoutimi,Université du Québec à Chicoutimi,,FALSE,TRUE,
Cégep de Montmorency,Cégep de Montmorency,,FALSE,TRUE,
Sac State,Sac State,California State University-Sacramento,FALSE,,
Cal State,Cal State,California State University-Fullerton,FALSE,,
Cal State East Bay,Cal State East Bay,California State University-East Bay,FALSE,,
Cal State Los Angeles,Cal State Los Angeles,California State University-Los Angeles,FALSE,,
University of California San Francisco,University of California San Francisco,University of San Francisco,FALSE,,
City College campuses-Civic Center,City College campuses-Civic Center,City College of San Francisco,FALSE,,
universities throughout Utah,universities throughout Utah,,FALSE,,
UTM-Sheridan,UTM-Sheridan,,FALSE,TRUE,
UTSC-Centennial,UTSC-Centennial,,FALSE,TRUE,
Colleges of Applied Arts and Technology,Colleges of Applied Arts and Technology,,FALSE,TRUE,probably the ontario one?
University of Maryland,University of Maryland,University of Maryland-College Park,FALSE,,
King’s,King’s,King's College,FALSE,,
Dalhousie,Dalhousie,,FALSE,TRUE,
Nova Scotia College of Arts and Design (NSCAD),Nova Scotia College of Arts and Design (NSCAD),,FALSE,TRUE,
Mount Saint Vincent,Mount Saint Vincent,College of Mount Saint Vincent,FALSE,,
Saint Mary’s,Saint Mary’s,St Mary's University,FALSE,,
Université de Saint-Boniface,Université de Saint-Boniface,,FALSE,TRUE,
several Montreal universities and CEGEPs,several Montreal universities and CEGEPs,,FALSE,TRUE,
CEGEP du Vieux-Montréal.,CEGEP du Vieux-Montréal.,,FALSE,TRUE,
UCLA,UCLA,University of California-Los Angeles,FALSE,,
Université du Québec à Montréal (UQAM,Université du Québec à Montréal (UQAM,,FALSE,TRUE,
Le cégep du Vieux Montréal,Le cégep du Vieux Montréal,,FALSE,TRUE,
Rutgers University,Rutgers University,Rutgers University-New Brunswick,FALSE,,
Columbia University,Columbia University,Columbia University in the City of New York,FALSE,,
Princeton University l,Princeton University l,Princeton University,FALSE,,
students from different CUNY schools,students from different CUNY schools,CUNY City College,FALSE,,
John Jay College,John Jay College,CUNY John Jay College of Criminal Justice,FALSE,,
Hunter College,Hunter College,CUNY Hunter College,FALSE,,
other CUNY schools,other CUNY schools,CUNY City College,FALSE,,
University of British Columbia,University of British Columbia,,FALSE,TRUE,
the University of Victoria,the University of Victoria,,FALSE,TRUE,
Simon Fraser University,Simon Fraser University,,FALSE,TRUE,
Concordia Universities,Concordia Universities,,FALSE,TRUE,
Dawson College,Dawson College,Dawson Community College,FALSE,,
University of Saskatchewan,University of Saskatchewan,,FALSE,TRUE,
Emory University,Emory University,,TRUE,,
Morehouse College,Morehouse College,,TRUE,,
Georgia Institute of Technology,Georgia Institute of Technology-Main Campus,,TRUE,,
Spelman College,Spelman College,,TRUE,,
Kennesaw State University,Kennesaw State University,,TRUE,,
Tufts,Tufts University,,TRUE,,
Massachusetts Institute of Technology,Massachusetts Institute of Technology,,TRUE,,
Berklee College of Music,Berklee College of Music,,TRUE,,
Emerson College,Emerson College,,TRUE,,
Brandeis University,Brandeis University,,TRUE,,
York,York College,,TRUE,,
University of Pennsylvania,University of Pennsylvania,,TRUE,,
Drexel,Drexel University,,TRUE,,
Temple,Temple University,,TRUE,,
Lewis & Clark,Lewis & Clark College,,TRUE,,
Pacific,Pacific University,,TRUE,,
Smith College,Smith College,,TRUE,,
Carnegie Mellon,Carnegie Mellon University,,TRUE,,
Houston Community College,Houston Community College,,TRUE,,
University at Buffalo,University at Buffalo,,TRUE,,
Yale University,Yale University,,TRUE,,
Lewis University,Lewis University,,TRUE,,
DePaul,DePaul University,,TRUE,,
University of Michigan-Ann Arbor,University of Michigan-Ann Arbor,,TRUE,,
Bloomsburg University of Pennsylvania,Bloomsburg University of Pennsylvania,,TRUE,,
California University of Pennsylvania,California University of Pennsylvania,,TRUE,,
Cheyney University of Pennsylvania,Cheyney University of Pennsylvania,,TRUE,,
Clarion University of Pennsylvania,Clarion University of Pennsylvania,,TRUE,,
East Stroudsburg University of Pennsylvania,East Stroudsburg University of Pennsylvania,,TRUE,,
Edinboro University of Pennsylvania,Edinboro University of Pennsylvania,,TRUE,,
Indiana University of Pennsylvania,Indiana University of Pennsylvania-Main Campus,,TRUE,,
Kutztown University of Pennsylvania,Kutztown University of Pennsylvania,,TRUE,,
Mansfield University of Pennsylvania,Mansfield University of Pennsylvania,,TRUE,,
Millersville University of Pennsylvania,Millersville University of Pennsylvania,,TRUE,,
Shippensburg University of Pennsylvania,Shippensburg University of Pennsylvania,,TRUE,,
Slippery Rock University of Pennsylvania,Slippery Rock University of Pennsylvania,,TRUE,,
West Chester University of Pennsylvania,West Chester University of Pennsylvania,,TRUE,,
Southern Connecticut State University,Southern Connecticut State University,,TRUE,,
Eastern Illinois,Eastern Illinois University,,TRUE,,
Northeastern Illinois,Northeastern Illinois University,,TRUE,,
Northeastern Illinois University,Northeastern Illinois University,,TRUE,,
Carleton,Carleton College,,TRUE,,
Carlow,Carlow University,,TRUE,,
Community College of Allegheny County,Community College of Allegheny County,,TRUE,,
Weber State,Weber State University,,TRUE,,
Texas State University,Texas State University,,TRUE,,
University of the District of Columbia,University of the District of Columbia,,TRUE,,
College of William and Mary,College of William and Mary,,TRUE,,
Johns Hopkins,Johns Hopkins University,,TRUE,,
University of Southern California,University of Southern California,,TRUE,,
Shaw,Shaw University,,TRUE,,
Duke,Duke University,,TRUE,,
Dunwoody College of Technology,Dunwoody College of Technology,,TRUE,,
Augsburg,Augsburg University,,TRUE,,
Macalester College,Macalester College,,TRUE,,
Lutheran School of Theology at Chicago,Lutheran School of Theology at Chicago,,TRUE,,
Milligan College,Milligan College,,TRUE,,
Emmanuel Christian Seminary,Emmanuel Christian Seminary,,TRUE,,
Northwestern,Northwestern University,,TRUE,,
Central Connecticut State University,Central Connecticut State University,,TRUE,,
Brown,Brown University,,TRUE,,
Lesley University,Lesley University,,TRUE,,
Lesley,Lesley University,,TRUE,,
Northeastern,Northeastern University,,TRUE,,
Holy Cross,Holy Cross College,,TRUE,,
Otterbein University,Otterbein University,,TRUE,,
Ohio University,Ohio University-Main Campus,,TRUE,,
Salt Lake Community College,Salt Lake Community College,,TRUE,,
Chatham University,Chatham University,,TRUE,,
The New School,The New School,,TRUE,,
Lane Community,Lane Community College,,TRUE,,
University of Missouri-Columbia,University of Missouri-Columbia,,TRUE,,
University of Missouri Columbia,University of Missouri-Columbia,,TRUE,,
University of Missouri-Columbia's campus,University of Missouri-Columbia,,TRUE,,
University of California Berkeley,University of California-Berkeley,,TRUE,,
Amherst College,Amherst College,,TRUE,,
University of Massachusetts Amherst,University of Massachusetts-Amherst,,TRUE,,
Clark Atlanta University,Clark Atlanta University,,TRUE,,
Emory University,Emory University,,TRUE,,
Ursinus College,Ursinus College,,TRUE,,
University of Miami,University of Miami,,TRUE,,
De Anza College,De Anza College,,TRUE,,
University of California Davis,University of California-Davis,,TRUE,,
Luther College,Luther College,,TRUE,,
Fairfield University,Fairfield University,,TRUE,,
University of North Dakota,University of North Dakota,,TRUE,,
Pitzer College,Pitzer College,,TRUE,,
Pomona College,Pomona College,,TRUE,,
Boston University,Boston University,,TRUE,,
Massachusetts College of Art and Design,Massachusetts College of Art and Design,,TRUE,,
Dartmouth College,Dartmouth College,,TRUE,,
Dartmouth,Dartmouth College,,TRUE,,
Boston College,Boston College,,TRUE,,
James Madison University,James Madison University,,TRUE,,
Harvard University,Harvard University,,TRUE,,
Harvard,Harvard University,,TRUE,,
Illinois Wesleyan University,Illinois Wesleyan University,,TRUE,,
University of Louisville,University of Louisville,,TRUE,,
Yale,Yale University,,TRUE,,
Texas Tech University,Texas Tech University,,TRUE,,
University of Notre Dame,University of Notre Dame,,TRUE,,
Mills College,Mills College,,TRUE,,
SUNY at Albany,SUNY at Albany,,TRUE,,
University of Delaware,University of Delaware,,TRUE,,
University of Wisconsin Madison,University of Wisconsin-Madison,,TRUE,,
Illinois State University,Illinois State University,,TRUE,,
Oberlin College,Oberlin College,,TRUE,,
Chapman University,Chapman University,,TRUE,,
Princeton University,Princeton University,,TRUE,,
Seattle University,Seattle University,,TRUE,,
Brown University,Brown University,,TRUE,,
Providence College,Providence College,,TRUE,,
Rhode Island School of Design,Rhode Island School of Design,,TRUE,,
Washington State University,Washington State University,,TRUE,,
Wesleyan University,Wesleyan University,,TRUE,,
Seton Hall University,Seton Hall University,,TRUE,,
Stanford University,Stanford University,,TRUE,,
Marquette University,Marquette University,,TRUE,,
Cerritos College,Cerritos College,,TRUE,,
West Virginia University,West Virginia University,,TRUE,,
University of Idaho,University of Idaho,,TRUE,,
University of Toledo,University of Toledo,,TRUE,,
Northwestern University,Northwestern University,,TRUE,,
Vanderbilt University,Vanderbilt University,,TRUE,,
Mississippi State University,Mississippi State University,,TRUE,,
Pennsylvania State University,Pennsylvania State University-Main Campus,,TRUE,,
Florida State University,Florida State University,,TRUE,,
Middle Tennessee State University,Middle Tennessee State University,,TRUE,,
University of New Mexico,University of New Mexico-Main Campus,,TRUE,,
St Olaf College,St Olaf College,,TRUE,,
Temple University,Temple University,,TRUE,,
University of South Florida,University of South Florida-Main Campus,,TRUE,,
Towson University,Towson University,,TRUE,,
University of Utah,University of Utah,,TRUE,,
Brandeis University,Brandeis University,,TRUE,,
University of California Riverside,University of California-Riverside,,TRUE,,
San Francisco State University,San Francisco State University,,TRUE,,
University of Illinois at Chicago,University of Illinois at Chicago,,TRUE,,
University of Houston,University of Houston,,TRUE,,
DePaul University,DePaul University,,TRUE,,
Clemson University,Clemson University,,TRUE,,
Georgetown University,Georgetown University,,TRUE,,
University of New Hampshire,University of New Hampshire-Main Campus,,TRUE,,
Duke University,Duke University,,TRUE,,
American University,American University,,TRUE,,
Webster University,Webster University,,TRUE,,
College of William and Mary,College of William and Mary,,TRUE,,
Wake Forest University,Wake Forest University,,TRUE,,
George Washington University,George Washington University,,TRUE,,
Grand Valley State University,Grand Valley State University,,TRUE,,
Ohio University,Ohio University-Main Campus,,TRUE,,
San Diego State University,San Diego State University,,TRUE,,
Auburn University,Auburn University,,TRUE,,
University of Vermont,University of Vermont,,TRUE,,
Case Western Reserve University,Case Western Reserve University,,TRUE,,
University of South Carolina Columbia,University of South Carolina-Columbia,,TRUE,,
San Diego City College,San Diego City College,,TRUE,,
Emporia State University,Emporia State University,,TRUE,,
Tufts University,Tufts University,,TRUE,,
Pacific University,Pacific University,,TRUE,,
University of Florida,University of Florida,,TRUE,,
Knox College,Knox College,,TRUE,,
Kenyon College,Kenyon College,,TRUE,,
Whitman College,Whitman College,,TRUE,,
Clark University,Clark University,,TRUE,,
Worcester State University,Worcester State University,,TRUE,,
Glendale Community College,Glendale Community College,,TRUE,,
University of Central Florida,University of Central Florida,,TRUE,,
University of Maine,University of Maine,,TRUE,,
Radford University,Radford University,,TRUE,,
Bradley University,Bradley University,,TRUE,,
Carnegie Mellon University,Carnegie Mellon University,,TRUE,,
Lewis & Clark College,Lewis & Clark College,,TRUE,,
University of Nevada Reno,University of Nevada-Reno,,TRUE,,
Virginia Commonwealth University,Virginia Commonwealth University,,TRUE,,
University of Rochester,University of Rochester,,TRUE,,
University of San Francisco,University of San Francisco,,TRUE,,
Lawrence University,Lawrence University,,TRUE,,
City College of San Francisco,City College of San Francisco,,TRUE,,
Appalachian State,Appalachian State University,,TRUE,,
California State University Chico,California State University-Chico,,TRUE,,
Hamilton College,Hamilton College,,TRUE,,
University of California-Davis,University of California-Davis,,TRUE,,
University of Michigan Dearborn,University of Michigan-Dearborn,,TRUE,,
Florida Gulf Coast University,Florida Gulf Coast University,,TRUE,,
Oklahoma State University,Oklahoma State University-Main Campus,,TRUE,,
Swarthmore College,Swarthmore College,,TRUE,,
Rowan University,Rowan University,,TRUE,,
East Carolina University,East Carolina University,,TRUE,,
University of Iowa,University of Iowa,,TRUE,,
Columbia College,Columbia College,,TRUE,,
East Tennessee State University,East Tennessee State University,,TRUE,,
University of Oklahoma Norman Campus,University of Oklahoma Norman Campus,,TRUE,,
Guilford College,Guilford College,,TRUE,,
Georgia State University,Georgia State University,,TRUE,,
SUNY at Binghamton,SUNY at Binghamton,,TRUE,,
Suffolk University,Suffolk University,,TRUE,,
Ithaca College,Ithaca College,,TRUE,,
Cornell University,Cornell University,,TRUE,,
University of Wyoming,University of Wyoming,,TRUE,,
University of Nebraska Lincoln,University of Nebraska-Lincoln,,TRUE,,
Utah State University,Utah State University,,TRUE,,
Mesa Community College,Mesa Community College,,TRUE,,
Ball State University,Ball State University,,TRUE,,
Murray State University,Murray State University,,TRUE,,
Kentucky State University,Kentucky State University,,TRUE,,
Eastern Illinois University,Eastern Illinois University,,TRUE,,
Lafayette College,Lafayette College,,TRUE,,
California State University Fresno,California State University-Fresno,,TRUE,,
University of Indianapolis,University of Indianapolis,,TRUE,,
Butler University,Butler University,,TRUE,,
Washburn University,Washburn University,,TRUE,,
Western Illinois University,Western Illinois University,,TRUE,,
Rock Valley College,Rock Valley College,,TRUE,,
University of Southern California,University of Southern California,,TRUE,,
Texas State,Texas State University,,TRUE,,
Santa Clara University,Santa Clara University,,TRUE,,
Union College,Union College,,TRUE,,
SUNY College at Plattsburgh,SUNY College at Plattsburgh,,TRUE,,
University of Chicago,University of Chicago,,TRUE,,
Appalachian State University,Appalachian State University,,TRUE,,
Naropa University,Naropa University,,TRUE,,
Lock Haven University,Lock Haven University,,TRUE,,
Canisius College,Canisius College,,TRUE,,
University of Illinois at Urbana Champaign,University of Illinois at Urbana-Champaign,,TRUE,,
University of Tulsa,University of Tulsa,,TRUE,,
Oral Roberts University,Oral Roberts University,,TRUE,,
Valdosta State University,Valdosta State University,,TRUE,,
Baylor University,Baylor University,,TRUE,,
Elmhurst College,Elmhurst College,,TRUE,,
California State University Fullerton,California State University-Fullerton,,TRUE,,
Grinnell College,Grinnell College,,TRUE,,
University of Mississippi,University of Mississippi,,TRUE,,
Wheaton College,Wheaton College,,TRUE,,
University of North Carolina Wilmington,University of North Carolina Wilmington,,TRUE,,
Rensselaer Polytechnic Institute,Rensselaer Polytechnic Institute,,TRUE,,
Villanova University,Villanova University,,TRUE,,
Alma College,Alma College,,TRUE,,
University of San Diego,University of San Diego,,TRUE,,
Yale University,Yale University,,TRUE,,
Hampshire College,Hampshire College,,TRUE,,
Marshall University,Marshall University,,TRUE,,
Bates College,Bates College,,TRUE,,
Howard University,Howard University,,TRUE,,
Gallaudet University,Gallaudet University,,TRUE,,
Catholic University of America,Catholic University of America,,TRUE,,
Columbia College Chicago,Columbia College-Chicago,,TRUE,,
East Los Angeles College,East Los Angeles College,,TRUE,,
California State Polytechnic University Pomona,California State Polytechnic University-Pomona,,TRUE,,
Vassar College,Vassar College,,TRUE,,
Community College of Philadelphia,Community College of Philadelphia,,TRUE,,
Southern Illinois University Edwardsville,Southern Illinois University-Edwardsville,,TRUE,,
Elizabethtown College,Elizabethtown College,,TRUE,,
Gannon University,Gannon University,,TRUE,,
University of Oregon,University of Oregon,,TRUE,,
University of Alaska Fairbanks,University of Alaska Fairbanks,,TRUE,,
Sonoma State University,Sonoma State University,,TRUE,,
George Mason University,George Mason University,,TRUE,,
University of Arkansas,University of Arkansas,,TRUE,,
Fayetteville State University,Fayetteville State University,,TRUE,,
SUNY at Fredonia,SUNY at Fredonia,,TRUE,,
Calvin College,Calvin College,,TRUE,,
Grand Rapids Community College,Grand Rapids Community College,,TRUE,,
Denison University,Denison University,,TRUE,,
University of Northern Colorado,University of Northern Colorado,,TRUE,,
University of Kentucky,University of Kentucky,,TRUE,,
College of Menominee Nation,College of Menominee Nation,,TRUE,,
Quinnipiac University,Quinnipiac University,,TRUE,,
Trinity College,Trinity College,,TRUE,,
New York University,New York University,,TRUE,,
Hofstra University,Hofstra University,,TRUE,,
Simpson College,Simpson College,,TRUE,,
Barnard,Barnard College,,TRUE,,
Barnard College,Barnard College,,TRUE,,
University of North Florida,University of North Florida,,TRUE,,
Edward Waters College,Edward Waters College,,TRUE,,
Keene State College,Keene State College,,TRUE,,
University of Rhode Island,University of Rhode Island,,TRUE,,
Texas Southern University,Texas Southern University,,TRUE,,
Loyola University Chicago,Loyola University Chicago,,TRUE,,
Chicago State University,Chicago State University,,TRUE,,
Northeastern University,Northeastern University,,TRUE,,
Cornell,Cornell University,,TRUE,,
California State University Sacramento,California State University-Sacramento,,TRUE,,
University of Puget Sound,University of Puget Sound,,TRUE,,
University of Arizona,University of Arizona,,TRUE,,
Saint Mary's,Saint Mary's College,,TRUE,,
New Mexico State University,New Mexico State University-Main Campus,,TRUE,,
University of Kansas,University of Kansas,,TRUE,,
Fuller Theological Seminary,Fuller Theological Seminary,,TRUE,,
University of Wisconsin Oshkosh,University of Wisconsin-Oshkosh,,TRUE,,
University of Nebraska at Omaha,University of Nebraska at Omaha,,TRUE,,
Idaho State University,Idaho State University,,TRUE,,
Princeton,Princeton University,,TRUE,,
Loyola University New Orleans,Loyola University New Orleans,,TRUE,,
Bucks County Community College,Bucks County Community College,,TRUE,,
University of Connecticut,University of Connecticut,,TRUE,,
Drexel University,Drexel University,,TRUE,,
Columbia,Columbia College,,TRUE,,
Yeshiva University,Yeshiva University,,TRUE,,
Western Kentucky University,Western Kentucky University,,TRUE,,
Bowling Green State University,Bowling Green State University-Main Campus,,TRUE,,
San Antonio College,San Antonio College,,TRUE,,
The University of Texas at San Antonio,The University of Texas at San Antonio,,TRUE,,
Delta College,Delta College,,TRUE,,
Texas State University,Texas State University,,TRUE,,
Stanford,Stanford University,,TRUE,,
Middlebury College,Middlebury College,,TRUE,,
Seattle Pacific University,Seattle Pacific University,,TRUE,,
Bennington College,Bennington College,,TRUE,,
University of New Haven,University of New Haven,,TRUE,,
University of Northern Iowa,University of Northern Iowa,,TRUE,,
Eastern Washington University,Eastern Washington University,,TRUE,,
Azusa Pacific University,Azusa Pacific University College,,TRUE,,
Georgia Southern University,Georgia Southern University,,TRUE,,
Saint Louis University,Saint Louis University-Main Campus,,TRUE,,
Wayne State University,Wayne State University,,TRUE,,
University of Central Oklahoma,University of Central Oklahoma,,TRUE,,
University of Virginia,University of Virginia-Main Campus,,TRUE,,
Wellesley College,Wellesley College,,TRUE,,
University of the Pacific,University of the Pacific,,TRUE,,
California State University Stanislaus,California State University-Stanislaus,,TRUE,,
Monmouth University,Monmouth University,,TRUE,,
Florida Agricultural and Mechanical University,Florida Agricultural and Mechanical University,,TRUE,,
Morgan State University,Morgan State University,,TRUE,,
Johns Hopkins University,Johns Hopkins University,,TRUE,,
Presbyterian College,Presbyterian College,,TRUE,,
Arizona State University,Arizona State University,,TRUE,,
Colorado College,Colorado College,,TRUE,,
Oregon State University,Oregon State University,,TRUE,,
Davidson College,Davidson College,,TRUE,,
Youngstown State University,Youngstown State University,,TRUE,,
Eastern Michigan University,Eastern Michigan University,,TRUE,,
Dominican University,Dominican University,,TRUE,,
University of Dayton,University of Dayton,,TRUE,,
Northern Illinois University,Northern Illinois University,,TRUE,,
Montana State University,Montana State University,,TRUE,,
Northern Michigan University,Northern Michigan University,,TRUE,,
University of Memphis,University of Memphis,,TRUE,,
University of Richmond,University of Richmond,,TRUE,,
Dickinson College,Dickinson College,,TRUE,,
University of Illinois at Urbana-Champaign,University of Illinois at Urbana-Champaign,,TRUE,,
Piedmont Virginia Community College,Piedmont Virginia Community College,,TRUE,,
Claremont McKenna College,Claremont McKenna College,,TRUE,,
Pomona,Pomona College,,TRUE,,
Queens University of Charlotte,Queens University of Charlotte,,TRUE,,
St Mary's College of Maryland,St Mary's College of Maryland,,TRUE,,
University of California Merced,University of California-Merced,,TRUE,,
Richland College,Richland College,,TRUE,,
Henry Ford Community College,Henry Ford Community College,,TRUE,,
Drew University,Drew University,,TRUE,,
Abilene Christian University,Abilene Christian University,,TRUE,,
Scripps College,Scripps College,,TRUE,,
University of Colorado Denver,University of Colorado Denver,,TRUE,,
San Diego State,San Diego State University,,TRUE,,
Michigan State University,Michigan State University,,TRUE,,
DePauw University,DePauw University,,TRUE,,
Texas Wesleyan University,Texas Wesleyan University,,TRUE,,
The University of Texas at Austin,The University of Texas at Austin,,TRUE,,
Wartburg College,Wartburg College,,TRUE,,
Hope College,Hope College,,TRUE,,
Sam Houston State University,Sam Houston State University,,TRUE,,
Northern Kentucky University,Northern Kentucky University,,TRUE,,
Virginia University of Lynchburg,Virginia University of Lynchburg,,TRUE,,
Kansas State University,Kansas State University,,TRUE,,
University of Louisiana Monroe,University of Louisiana-Monroe,,TRUE,,
University of Wisconsin Stout,University of Wisconsin-Stout,,TRUE,,
Tennessee State University,Tennessee State University,,TRUE,,
Massachusetts Institute of Technology,Massachusetts Institute of Technology,,TRUE,,
University of North Texas,University of North Texas,,TRUE,,
Texas Woman's University,Texas Woman's University,,TRUE,,
Babson College,Babson College,,TRUE,,
Buena Vista University,Buena Vista University,,TRUE,,
University of Wisconsin Platteville,University of Wisconsin-Platteville,,TRUE,,
Reed College,Reed College,,TRUE,,
Notre Dame,Notre Dame College,,TRUE,,
South Puget Sound Community College,South Puget Sound Community College,,TRUE,,
South Carolina State,South Carolina State University,,TRUE,,
Utah Valley University,Utah Valley University,,TRUE,,
Saginaw Valley State University,Saginaw Valley State University,,TRUE,,
University of Massachusetts Boston,University of Massachusetts-Boston,,TRUE,,
Monmouth College,Monmouth College,,TRUE,,
Western Oregon University,Western Oregon University,,TRUE,,
Montclair State University,Montclair State University,,TRUE,,
Santa Rosa Junior College,Santa Rosa Junior College,,TRUE,,
Oakland University,Oakland University,,TRUE,,
Sheridan College,Sheridan College,,TRUE,,
Lincoln Land Community College,Lincoln Land Community College,,TRUE,,
Johnson County Community College,Johnson County Community College,,TRUE,,
Central New Mexico Community College,Central New Mexico Community College,,TRUE,,
Westminster College,Westminster College,,TRUE,,
Augusta State University,Augusta State University,,TRUE,,
Jacksonville University,Jacksonville University,,TRUE,,
Georgetown,Georgetown University,,TRUE,,
Iowa State University,Iowa State University,,TRUE,,
Roosevelt University,Roosevelt University,,TRUE,,
Texas Christian University,Texas Christian University,,TRUE,,
Washington College,Washington College,,TRUE,,
University of Illinois at Chicago campus,University of Illinois at Chicago,,TRUE,,
North Park University,North Park University,,TRUE,,
Haverford College,Haverford College,,TRUE,,
Fort Hays State University,Fort Hays State University,,TRUE,,
Northwest Missouri State University,Northwest Missouri State University,,TRUE,,
