source,name,og_name,ipeds_dummy
2,Amherst College in Massachusetts,Amherst College in Massachusetts,FALSE
2,Harvard Medical School,Harvard Medical School,FALSE
2,Harvard Graduate School of Education,Harvard Graduate School of Education,FALSE
2,University of Toronto.,University of Toronto.,FALSE
2,Ryerson,Ryerson,FALSE
2,Cal Poly Pomona,Cal Poly Pomona,FALSE
2,Cal State Fullerton,Cal State Fullerton,FALSE
2,Cal State Northridge,Cal State Northridge,FALSE
2,OU,OU,FALSE
2,University of Texas-Austin,University of Texas-Austin,FALSE
2,UIS,UIS,FALSE
2,Laurentian University’,Laurentian University’,FALSE
2,UTM,UTM,FALSE
2,universities across Louisiana,universities across Louisiana,FALSE
2,IU-Purdue University Indianapolis,IU-Purdue University Indianapolis,FALSE
2,IU-Bloomington,IU-Bloomington,FALSE
2,20 other SUNY campuses,20 other SUNY campuses,FALSE
2,University of Illinois [at] Chicago,University of Illinois [at] Chicago,FALSE
2,several Chicago-area colleges,several Chicago-area colleges,FALSE
2,Fresno State,Fresno State,FALSE
2,John Abbott College,John Abbott College,FALSE
2,Lock Haven University of Pennsylvania,Lock Haven University of Pennsylvania,FALSE
2,Connecticut State University,Connecticut State University,FALSE
2,UNCG,UNCG,FALSE
2,A&T,A&T,FALSE
2,CUNY,CUNY,FALSE
2,Baruch,Baruch,FALSE
2,Honolulu CC,Honolulu CC,FALSE
2,Texas Southern University.,Texas Southern University.,FALSE
2,the 23 California State University campuses,the 23 California State University campuses,FALSE
2,Cégep du Vieux Montréal,Cégep du Vieux Montréal,FALSE
2,MSUM,MSUM,FALSE
2,WSU,WSU,FALSE
2,California State University,California State University,FALSE
2,all 23 California State Universities,all 23 California State Universities,FALSE
2,Cal State Long Beach,Cal State Long Beach,FALSE
2,other CSUs,other CSUs,FALSE
2,different CSU campuses,different CSU campuses,FALSE
2,CSU Northridge,CSU Northridge,FALSE
2,CSU Dominguez Hills,CSU Dominguez Hills,FALSE
2,CSU Los Angeles,CSU Los Angeles,FALSE
2,Chico State,Chico State,FALSE
2,City University of New York,City University of New York,FALSE
2,University of Washington.,University of Washington.,FALSE
2,Alameda Community College,Alameda Community College,FALSE
2,University of California - Los Angeles,University of California - Los Angeles,FALSE
2,California State University Los Angeles,California State University Los Angeles,FALSE
2,Georgetown Solidarity Committee,Georgetown Solidarity Committee,FALSE
2,University California San Diego],University California San Diego],FALSE
2,UTSC,UTSC,FALSE
2,Community College of Baltimore County Essex,Community College of Baltimore County Essex,FALSE
2,Brandon University,Brandon University,FALSE
2,Université de Saint Boniface,Université de Saint Boniface,FALSE
2,Collège Lionel-Groulx,Collège Lionel-Groulx,FALSE
2,CÉGEP de Drummondville,CÉGEP de Drummondville,FALSE
2,CÉGEP du Vieux-Montréal,CÉGEP du Vieux-Montréal,FALSE
2,CÉGEP St-Laurent,CÉGEP St-Laurent,FALSE
2,University of Laval,University of Laval,FALSE
2,CEGEP Vieux-Montreal,CEGEP Vieux-Montreal,FALSE
2,Brock University,Brock University,FALSE
2,York University,York University,FALSE
2,Geulph University,Geulph University,FALSE
2,George Brown College.,George Brown College.,FALSE
2,NC State,NC State,FALSE
2,St. Augustine,St. Augustine,FALSE
2,Claremont Colleges,Claremont Colleges,FALSE
2,Concordia,Concordia,FALSE
2,Cégep du Vieux-Montréal,Cégep du Vieux-Montréal,FALSE
2,Université du Québec à Montreal,Université du Québec à Montreal,FALSE
2,Collège de Maisonneuve,Collège de Maisonneuve,FALSE
2,CEGEP du Vieux Montréal,CEGEP du Vieux Montréal,FALSE
2,several CEGEPs in the downtown Montreal area,several CEGEPs in the downtown Montreal area,FALSE
2,UChicago,UChicago,FALSE
2,the Art Institute of Chicago,the Art Institute of Chicago,FALSE
2,Middleburry College,Middleburry College,FALSE
2,universities across Quebec,universities across Quebec,FALSE
2,Cégep de Jonquière.,Cégep de Jonquière.,FALSE
2,McGill University.,McGill University.,FALSE
2,Université du Québec à Montréal (UQAM),Université du Québec à Montréal (UQAM),FALSE
2,Cégép Ahuntsic,Cégép Ahuntsic,FALSE
2,CEGEP Regional De Lanaudière à L’assomption,CEGEP Regional De Lanaudière à L’assomption,FALSE
2,Loyola,Loyola,FALSE
2,University of Louisiana,University of Louisiana,FALSE
2,UL system,UL system,FALSE
2,University of New Orleans school of hotel restaurant and tourism.,University of New Orleans school of hotel restaurant and tourism.,FALSE
2,Nicholls State John Folse culinary institute,Nicholls State John Folse culinary institute,FALSE
2,francophone universities,francophone universities,FALSE
2,CEGEPs,CEGEPs,FALSE
2,l’Université de Montréal,l’Université de Montréal,FALSE
2,UC San Francisco,UC San Francisco,FALSE
2,UC Santa Cruz,UC Santa Cruz,FALSE
2,UC Merced,UC Merced,FALSE
2,UC campuses,UC campuses,FALSE
2,Boston University',Boston University',FALSE
2,College the School of Public Health,College the School of Public Health,FALSE
2,mix of university and CEGEP students,mix of university and CEGEP students,FALSE
2,UMass Boston,UMass Boston,FALSE
2,Florida A&M Universit,Florida A&M Universit,FALSE
2,George Brown,George Brown,FALSE
2,Niagara College,Niagara College,FALSE
2,Seneca’s Newnham campus.,Seneca’s Newnham campus.,FALSE
2,Indiana University South Bend,Indiana University South Bend,FALSE
2,Evergreen State college,Evergreen State college,FALSE
2,South Puget Sound,South Puget Sound,FALSE
2,Claflin universities,Claflin universities,FALSE
2,Vanier College,Vanier College,FALSE
2,Oakland University.,Oakland University.,FALSE
2,Université de Québec à Montréal,Université de Québec à Montréal,FALSE
2,CÉGEP de Saint-Laurent,CÉGEP de Saint-Laurent,FALSE
2,Montreal CEGEPS,Montreal CEGEPS,FALSE
2,l’Université du Québec à Montréal (UQAM),l’Université du Québec à Montréal (UQAM),FALSE
2,Cégep Rosemont,Cégep Rosemont,FALSE
2,Université de Montréal (UdeM).,Université de Montréal (UdeM).,FALSE
2,Indiana University |,Indiana University |,FALSE
2,CEGEP de Jonquière,CEGEP de Jonquière,FALSE
2,Université du Québec à Chicoutimi,Université du Québec à Chicoutimi,FALSE
2,Cégep de Montmorency,Cégep de Montmorency,FALSE
2,Sac State,Sac State,FALSE
2,Cal State,Cal State,FALSE
2,Cal State East Bay,Cal State East Bay,FALSE
2,Cal State Los Angeles,Cal State Los Angeles,FALSE
2,University of California San Francisco,University of California San Francisco,FALSE
2,City College campuses-Civic Center,City College campuses-Civic Center,FALSE
2,universities throughout Utah,universities throughout Utah,FALSE
2,UTM-Sheridan,UTM-Sheridan,FALSE
2,UTSC-Centennial,UTSC-Centennial,FALSE
2,Colleges of Applied Arts and Technology,Colleges of Applied Arts and Technology,FALSE
2,University of Maryland,University of Maryland,FALSE
2,King’s,King’s,FALSE
2,Dalhousie,Dalhousie,FALSE
2,Nova Scotia College of Arts and Design (NSCAD),Nova Scotia College of Arts and Design (NSCAD),FALSE
2,Mount Saint Vincent,Mount Saint Vincent,FALSE
2,Saint Mary’s,Saint Mary’s,FALSE
2,Université de Saint-Boniface,Université de Saint-Boniface,FALSE
2,several Montreal universities and CEGEPs,several Montreal universities and CEGEPs,FALSE
2,CEGEP du Vieux-Montréal.,CEGEP du Vieux-Montréal.,FALSE
2,UCLA,UCLA,FALSE
2,Université du Québec à Montréal (UQAM,Université du Québec à Montréal (UQAM,FALSE
2,Le cégep du Vieux Montréal,Le cégep du Vieux Montréal,FALSE
2,Rutgers University,Rutgers University,FALSE
2,Columbia University,Columbia University,FALSE
2,Princeton University l,Princeton University l,FALSE
2,students from different CUNY schools,students from different CUNY schools,FALSE
2,John Jay College,John Jay College,FALSE
2,Hunter College,Hunter College,FALSE
2,other CUNY schools,other CUNY schools,FALSE
2,University of British Columbia,University of British Columbia,FALSE
2,the University of Victoria,the University of Victoria,FALSE
2,Simon Fraser University,Simon Fraser University,FALSE
2,Concordia Universities,Concordia Universities,FALSE
2,Dawson College,Dawson College,FALSE
2,University of Saskatchewan,University of Saskatchewan,FALSE
2,Emory University,Emory University,TRUE
2,Morehouse College,Morehouse College,TRUE
2,Georgia Institute of Technology-Main Campus,Georgia Institute of Technology,TRUE
2,Spelman College,Spelman College,TRUE
2,Kennesaw State University,Kennesaw State University,TRUE
2,Tufts University,Tufts,TRUE
2,Massachusetts Institute of Technology,Massachusetts Institute of Technology,TRUE
2,Berklee College of Music,Berklee College of Music,TRUE
2,Emerson College,Emerson College,TRUE
2,Brandeis University,Brandeis University,TRUE
2,York College,York,TRUE
2,University of Pennsylvania,University of Pennsylvania,TRUE
2,Drexel University,Drexel,TRUE
2,Temple University,Temple,TRUE
2,Lewis & Clark College,Lewis & Clark,TRUE
2,Pacific University,Pacific,TRUE
2,Smith College,Smith College,TRUE
2,Carnegie Mellon University,Carnegie Mellon,TRUE
2,Houston Community College,Houston Community College,TRUE
2,University at Buffalo,University at Buffalo,TRUE
2,Yale University,Yale University,TRUE
2,Lewis University,Lewis University,TRUE
2,DePaul University,DePaul,TRUE
2,University of Michigan-Ann Arbor,University of Michigan-Ann Arbor,TRUE
2,Bloomsburg University of Pennsylvania,Bloomsburg University of Pennsylvania,TRUE
2,California University of Pennsylvania,California University of Pennsylvania,TRUE
2,Cheyney University of Pennsylvania,Cheyney University of Pennsylvania,TRUE
2,Clarion University of Pennsylvania,Clarion University of Pennsylvania,TRUE
2,East Stroudsburg University of Pennsylvania,East Stroudsburg University of Pennsylvania,TRUE
2,Edinboro University of Pennsylvania,Edinboro University of Pennsylvania,TRUE
2,Indiana University of Pennsylvania-Main Campus,Indiana University of Pennsylvania,TRUE
2,Kutztown University of Pennsylvania,Kutztown University of Pennsylvania,TRUE
2,Mansfield University of Pennsylvania,Mansfield University of Pennsylvania,TRUE
2,Millersville University of Pennsylvania,Millersville University of Pennsylvania,TRUE
2,Shippensburg University of Pennsylvania,Shippensburg University of Pennsylvania,TRUE
2,Slippery Rock University of Pennsylvania,Slippery Rock University of Pennsylvania,TRUE
2,West Chester University of Pennsylvania,West Chester University of Pennsylvania,TRUE
2,Southern Connecticut State University,Southern Connecticut State University,TRUE
2,Eastern Illinois University,Eastern Illinois,TRUE
2,Northeastern Illinois University,Northeastern Illinois,TRUE
2,Northeastern Illinois University,Northeastern Illinois University,TRUE
2,Carleton College,Carleton,TRUE
2,Carlow University,Carlow,TRUE
2,Community College of Allegheny County,Community College of Allegheny County,TRUE
2,Weber State University,Weber State,TRUE
2,Texas State University,Texas State University,TRUE
2,University of the District of Columbia,University of the District of Columbia,TRUE
2,College of William and Mary,College of William and Mary,TRUE
2,Johns Hopkins University,Johns Hopkins,TRUE
2,University of Southern California,University of Southern California,TRUE
2,Shaw University,Shaw,TRUE
2,Duke University,Duke,TRUE
2,Dunwoody College of Technology,Dunwoody College of Technology,TRUE
2,Augsburg University,Augsburg,TRUE
2,Macalester College,Macalester College,TRUE
2,Lutheran School of Theology at Chicago,Lutheran School of Theology at Chicago,TRUE
2,Milligan College,Milligan College,TRUE
2,Emmanuel Christian Seminary,Emmanuel Christian Seminary,TRUE
2,Northwestern University,Northwestern,TRUE
2,Central Connecticut State University,Central Connecticut State University,TRUE
2,Brown University,Brown,TRUE
2,Lesley University,Lesley University,TRUE
2,Lesley University,Lesley,TRUE
2,Northeastern University,Northeastern,TRUE
2,Holy Cross College,Holy Cross,TRUE
2,Otterbein University,Otterbein University,TRUE
2,Ohio University-Main Campus,Ohio University,TRUE
2,Salt Lake Community College,Salt Lake Community College,TRUE
2,Chatham University,Chatham University,TRUE
2,The New School,The New School,TRUE
2,Lane Community College,Lane Community,TRUE
