original_name,authoritative_name,uni_id,uni_data_source
20 other SUNY campuses,20 other SUNY campuses,,
A&T,A&T,,
Alameda Community College,Alameda Community College,,
Algoma University,Algoma University,,
all 23 California State Universities,all 23 California State Universities,,
Amherst College in Massachusetts,Amherst College in Massachusetts,,
Baruch,Baruch,,
Baruch College,Baruch College,,
Bethune Cookman University,Bethune Cookman University,,
Bloomsburg California Cheyney Clarion East Stroudsburg Edinboro Indiana Kutztown Lock Haven Mansfield Millersville Shippensburg Slippery Rock and West Chester universities of Pennsylvania,Bloomsburg California Cheyney Clarion East Stroudsburg Edinboro Indiana Kutztown Lock Haven Mansfield Millersville Shippensburg Slippery Rock and West Chester universities of Pennsylvania,,
Boston University',Boston University',,
Brandon University,Brandon University,,
Brigham Young University,Brigham Young University,,
Brooklyn College,Brooklyn College,,
Buffalo,Buffalo,,
Cal Poly Pomona,Cal Poly Pomona,,
Cal Poly San Luis Obispo,Cal Poly San Luis Obispo,,
Cal State,Cal State,,
Cal State East Bay,Cal State East Bay,,
Cal State Fullerton,Cal State Fullerton,,
Cal State Long Beach,Cal State Long Beach,,
Cal State Los Angeles,Cal State Los Angeles,,
Cal State Northridge,Cal State Northridge,,
California State University,California State University,,
California State University Long Beach,California State University Long Beach,,
California State University Los Angeles,California State University Los Angeles,,
California State University San Marcos,California State University San Marcos,,
CCNY,CCNY,,
Cégép Ahuntsic,Cégép Ahuntsic,,
CÉGEP de Drummondville,CÉGEP de Drummondville,,
CEGEP de Jonquière,CEGEP de Jonquière,,
Cégep de Jonquière.,Cégep de Jonquière.,,
Cégep de Montmorency,Cégep de Montmorency,,
Cégep de Saint-Laurent,Cégep de Saint-Laurent,,
CÉGEP de Saint-Laurent,CÉGEP de Saint-Laurent,,
CEGEP du Vieux Montréal,CEGEP du Vieux Montréal,,
Cégep du Vieux Montréal,Cégep du Vieux Montréal,,
Cégep du Vieux-Montréal,Cégep du Vieux-Montréal,,
CÉGEP du Vieux-Montréal,CÉGEP du Vieux-Montréal,,
CEGEP du Vieux-Montréal.,CEGEP du Vieux-Montréal.,,
CEGEP Edouard-Montpetit,CEGEP Edouard-Montpetit,,
CEGEP Lionel-Groulx,CEGEP Lionel-Groulx,,
CEGEP Maisonneuve,CEGEP Maisonneuve,,
CEGEP Marie-Victorin,CEGEP Marie-Victorin,,
CEGEP Montmorency,CEGEP Montmorency,,
CEGEP Regional De Lanaudière à L’assomption,CEGEP Regional De Lanaudière à L’assomption,,
Cégep Rosemont,Cégep Rosemont,,
CEGEP Saint-Laurent,CEGEP Saint-Laurent,,
CÉGEP St-Laurent,CÉGEP St-Laurent,,
CEGEP Vieux-Montreal,CEGEP Vieux-Montreal,,
CÉGEP Vieux-Montreal,CÉGEP Vieux-Montreal,,
CEGEPs,CEGEPs,,
Central Connecticut University,Central Connecticut University,,
Chico State,Chico State,,
City College campuses-Civic Center,City College campuses-Civic Center,,
City College of New York,City College of New York,,
City University of New York,City University of New York,,
Claflin universities,Claflin universities,,
Claremont Colleges,Claremont Colleges,,
CNM,CNM,,
Collège de Maisonneuve,Collège de Maisonneuve,,
Collège Lionel-Groulx,Collège Lionel-Groulx,,
College of Staten Island,College of Staten Island,,
College the School of Public Health,College the School of Public Health,,
Colleges of Applied Arts and Technology,Colleges of Applied Arts and Technology,,
Columbia University,Columbia University,,
Community College of Baltimore County Essex,Community College of Baltimore County Essex,,
Concord College,Concord College,,
Concordia Universities,Concordia Universities,,
Connecticut State University,Connecticut State University,,
CSU Dominguez Hills,CSU Dominguez Hills,,
CSU Los Angeles,CSU Los Angeles,,
CSU Northridge,CSU Northridge,,
CUNY,CUNY,,
Dalhousie University.,Dalhousie University.,,
Dawson College,Dawson College,,
different CSU campuses,different CSU campuses,,
ETSU,ETSU,,
Evergreen State college,Evergreen State college,,
Florida A&M Universit,Florida A&M Universit,,
Florida A&M University,Florida A&M University,,
francophone universities,francophone universities,,
Fresno State,Fresno State,,
George Brown,George Brown,,
George Brown College,George Brown College,,
George Brown College.,George Brown College.,,
Georgetown Solidarity Committee,Georgetown Solidarity Committee,,
Georgia Tech,Georgia Tech,,
Geulph University,Geulph University,,
Harvard Graduate School of Education,Harvard Graduate School of Education,,
Harvard Law,Harvard Law,,
Harvard Medical School,Harvard Medical School,,
he University of Regina,he University of Regina,,
Honolulu CC,Honolulu CC,,
Hunter College,Hunter College,,
Indiana University,Indiana University,,
Indiana University |,Indiana University |,,
Indiana University South Bend,Indiana University South Bend,,
IU-Bloomington,IU-Bloomington,,
IU-Purdue University Indianapolis,IU-Purdue University Indianapolis,,
John Abbott College,John Abbott College,,
John Jay College,John Jay College,,
Johns Hopkins Univeristy,Johns Hopkins Univeristy,,
King’s,King’s,,
l’Université de Montréal,l’Université de Montréal,,
l’Université du Québec à Montréal (UQAM),l’Université du Québec à Montréal (UQAM),,
Lane Community Downtown Campus,Lane Community Downtown Campus,,
Laurentian,Laurentian,,
Laurentian University,Laurentian University,,
Laurentian University’,Laurentian University’,,
Le cégep du Vieux Montréal,Le cégep du Vieux Montréal,,
Lehman College,Lehman College,,
Lock Haven University of Pennsylvania,Lock Haven University of Pennsylvania,,
Louisiana State University,Louisiana State University,,
Loyola,Loyola,,
Loyola University Chicago Stritch School of Medicine,Loyola University Chicago Stritch School of Medicine,,
MacEwan University,MacEwan University,,
McGill,McGill,,
McGill University,McGill University,,
McGill University.,McGill University.,,
McMaster University,McMaster University,,
Media network college,Media network college,,
Michigan,Michigan,,
Middleburry College,Middleburry College,,
Middlebury College.,Middlebury College.,,
MIT,MIT,,
mix of university and CEGEP students,mix of university and CEGEP students,,
Montreal CEGEPS,Montreal CEGEPS,,
Mount Allison University,Mount Allison University,,
Mount Royal University (MRU),Mount Royal University (MRU),,
Mount Saint Vincent,Mount Saint Vincent,,
MSUM,MSUM,,
Native Education College,Native Education College,,
NC State,NC State,,
Niagara College,Niagara College,,
Nicholls State John Folse culinary institute,Nicholls State John Folse culinary institute,,
North Carolina at Charlotte,North Carolina at Charlotte,,
North Carolina State University,North Carolina State University,,
Nova Scotia College of Arts and Design (NSCAD),Nova Scotia College of Arts and Design (NSCAD),,
NYU,NYU,,
Oakland University.,Oakland University.,,
Ocean,Ocean,,
Ontario College of Arts and Design,Ontario College of Arts and Design,,
Ontario Institute for Studies in Education,Ontario Institute for Studies in Education,,
other CSUs,other CSUs,,
other CUNY schools,other CUNY schools,,
OU,OU,,
Pennsylvania university system,Pennsylvania university system,,
Princeton University l,Princeton University l,,
Queens College,Queens College,,
Rutgers,Rutgers,,
Rutgers University,Rutgers University,,
Ryerson,Ryerson,,
Ryerson University,Ryerson University,,
Sac State,Sac State,,
Saint Mary’s,Saint Mary’s,,
Santa Rosa Junior College and Solano Community College,Santa Rosa Junior College and Solano Community College,,
Seneca at York,Seneca at York,,
Seneca college campus at York University,Seneca college campus at York University,,
Seneca’s Newnham campus.,Seneca’s Newnham campus.,,
several CEGEPs in the downtown Montreal area,several CEGEPs in the downtown Montreal area,,
several Chicago-area colleges,several Chicago-area colleges,,
several Montreal universities and CEGEPs,several Montreal universities and CEGEPs,,
Sheridan college,Sheridan college,,
Sheridan College,Sheridan College,,
Smith College in Northampton Massachusetts,Smith College in Northampton Massachusetts,,
South Puget Sound,South Puget Sound,,
Southern Illinois University,Southern Illinois University,,
St George campus,St George campus,,
St. Augustine,St. Augustine,,
St. Olaf,St. Olaf,,
St. Paul College,St. Paul College,,
students from different CUNY schools,students from different CUNY schools,,
SUNY,SUNY,,
SUNY Brockport,SUNY Brockport,,
SUNY New Paltz,SUNY New Paltz,,
SUNY Purchase,SUNY Purchase,,
Texas A&M University,Texas A&M University,,
Texas A&M University in College Station,Texas A&M University in College Station,,
Texas Southern University.,Texas Southern University.,,
the 23 California State University campuses,the 23 California State University campuses,,
the Art Institute of Chicago,the Art Institute of Chicago,,
The Claremont Colleges,The Claremont Colleges,,
the UC system at almost every campus,the UC system at almost every campus,,
the University of California San Diego,the University of California San Diego,,
the University of Chicago,the University of Chicago,,
the University of Southern California,the University of Southern California,,
the University of Toronto campus,the University of Toronto campus,,
the University of Victoria,the University of Victoria,,
Thompson Rivers University,Thompson Rivers University,,
UBC Okanagan,UBC Okanagan,,
UC Berkeley,UC Berkeley,,
UC campuses,UC campuses,,
UC Davis,UC Davis,,
UC Irvine,UC Irvine,,
UC Merced,UC Merced,,
UC Riverside,UC Riverside,,
UC San Diego,UC San Diego,,
UC San Francisco,UC San Francisco,,
UC Santa Barbara,UC Santa Barbara,,
UC Santa Cruz,UC Santa Cruz,,
UChicago,UChicago,,
UCLA,UCLA,,
UCSD,UCSD,,
UCSF,UCSF,,
UCSF's Parnassus campus,UCSF's Parnassus campus,,
UH-Manoa,UH-Manoa,,
UIS,UIS,,
UL system,UL system,,
UMass Boston,UMass Boston,,
UNC-Chapel Hill,UNC-Chapel Hill,,
UNCG,UNCG,,
Universite de Montreal,Universite de Montreal,,
Université de Montréal,Université de Montréal,,
Université de Montréal (UdeM).,Université de Montréal (UdeM).,,
Université de Montréal’s (UdeM),Université de Montréal’s (UdeM),,
Université de Québec a Montréal,Université de Québec a Montréal,,
Université de Québec à Montréal,Université de Québec à Montréal,,
Université de Québec à Montréal (UQAM),Université de Québec à Montréal (UQAM),,
Université de Saint Boniface,Université de Saint Boniface,,
Université de Saint-Boniface,Université de Saint-Boniface,,
Université de Sherbrooke.,Université de Sherbrooke.,,
Université du Québec à Chicoutimi,Université du Québec à Chicoutimi,,
Université du Québec à Montreal,Université du Québec à Montreal,,
Université du Québec à Montréal,Université du Québec à Montréal,,
Université du Québec à Montréal (UQAM,Université du Québec à Montréal (UQAM,,
Université Laval,Université Laval,,
universities across Louisiana,universities across Louisiana,,
universities across Quebec,universities across Quebec,,
universities throughout Utah,universities throughout Utah,,
University California San Diego,University California San Diego,,
University California San Diego],University California San Diego],,
University of Alberta,University of Alberta,,
University of British Columbia,University of British Columbia,,
University of Calgary,University of Calgary,,
University of California,University of California,,
University of California - Los Angeles,University of California - Los Angeles,,
University of California at Berkeley,University of California at Berkeley,,
University of California Los Angeles,University of California Los Angeles,,
University of California San Diego,University of California San Diego,,
University of California San Francisco,University of California San Francisco,,
University of California-Berkley,University of California-Berkley,,
University of Chicago Pritzker School of Medicine,University of Chicago Pritzker School of Medicine,,
University of Colorado,University of Colorado,,
University of Guelph,University of Guelph,,
University of Illinois [at] Chicago,University of Illinois [at] Chicago,,
University of Illinois College of Medicine,University of Illinois College of Medicine,,
University of Illinois Springfield,University of Illinois Springfield,,
University of Laval,University of Laval,,
University of Lethbridge,University of Lethbridge,,
University of Louisiana,University of Louisiana,,
University of Louisiana Monroe,University of Louisiana Monroe,,
University of Manitoba,University of Manitoba,,
University of Maryland,University of Maryland,,
University of Massachusetts at Amherst,University of Massachusetts at Amherst,,
University of Michigan,University of Michigan,,
University of Michigan Ann Arbor,University of Michigan Ann Arbor,,
University of Minnesota,University of Minnesota,,
University of Missouri,University of Missouri,,
University of Montreal,University of Montreal,,
University of New Brunswick,University of New Brunswick,,
University of New Orleans school of hotel restaurant and tourism.,University of New Orleans school of hotel restaurant and tourism.,,
University of Northern British Columbia,University of Northern British Columbia,,
University of Oklahoma Norman Campus,University of Oklahoma Norman Campus,,
University of Ottawa,University of Ottawa,,
University of Pittsburgh,University of Pittsburgh,,
University of Pittsburgh Pittsburgh Campus,University of Pittsburgh Pittsburgh Campus,,
University of Puerto Rico,University of Puerto Rico,,
University of Saskatchewan,University of Saskatchewan,,
University of Saskatoon,University of Saskatoon,,
University of Sherbrooke,University of Sherbrooke,,
University of South Carolina,University of South Carolina,,
University of Texas at Austin,University of Texas at Austin,,
University of Texas at Dallas,University of Texas at Dallas,,
University of Texas-Austin,University of Texas-Austin,,
University of Toronto,University of Toronto,,
University of Toronto Mississauga,University of Toronto Mississauga,,
University of Toronto.,University of Toronto.,,
University of Washington,University of Washington,,
University of Washington Seattle campus,University of Washington Seattle campus,,
University of Washington.,University of Washington.,,
University of Western Ontario,University of Western Ontario,,
University of Winnipeg,University of Winnipeg,,
UNM,UNM,,
UQAM,UQAM,,
UQÀM,UQÀM,,
USC,USC,,
UTM,UTM,,
UTM-Sheridan,UTM-Sheridan,,
UTSC,UTSC,,
UTSC-Centennial,UTSC-Centennial,,
UTSG,UTSG,,
UVM,UVM,,
Vanier College,Vanier College,,
Western Illinois University Quad City riverfront campus,Western Illinois University Quad City riverfront campus,,
WSU,WSU,,
American University,American University,131159,ipeds
Amherst College,Amherst College,164465,ipeds
Appalachian State University,Appalachian State University,197869,ipeds
Augsburg,Augsburg University,173045,ipeds
Babson College,Babson College,164580,ipeds
Barnard,Barnard College,189097,ipeds
Barnard College,Barnard College,189097,ipeds
Baylor University,Baylor University,223232,ipeds
Bennington College,Bennington College,230816,ipeds
Berklee College of Music,Berklee College of Music,164748,ipeds
Bloomsburg University of Pennsylvania,Bloomsburg University of Pennsylvania,211158,ipeds
Boston College,Boston College,164924,ipeds
Boston University,Boston University,164988,ipeds
Brandeis,Brandeis University,165015,ipeds
Brandeis University,Brandeis University,165015,ipeds
Brock University,Brock University,IAU-001778-1,glued
Brown,Brown University,217156,ipeds
California State University Fresno,California State University-Fresno,110556,ipeds
California State University Fullerton,California State University-Fullerton,110565,ipeds
California State University Sacramento,California State University-Sacramento,110617,ipeds
California University of Pennsylvania,California University of Pennsylvania,211361,ipeds
Capilano University,Capilano University,IAU-001973-1,glued
Carleton,Carleton University,IAU-001997-1,glued
Carleton University,Carleton University,IAU-001997-1,glued
Carlow,Carlow University,211431,ipeds
Carnegie Mellon,Carnegie Mellon University,211440,ipeds
Carnegie Mellon University,Carnegie Mellon University,211440,ipeds
Centennial College,Centennial College,IAU-002055-1,glued
Central Connecticut State University,Central Connecticut State University,128771,ipeds
Chatham University,Chatham University,211556,ipeds
Cheyney University of Pennsylvania,Cheyney University of Pennsylvania,211608,ipeds
Chicago State University,Chicago State University,144005,ipeds
City College of San Francisco,City College of San Francisco,112190,ipeds
Claremont McKenna College,Claremont McKenna College,112260,ipeds
Clarion University of Pennsylvania,Clarion University of Pennsylvania,211644,ipeds
Clark Atlanta University,Clark Atlanta University,138947,ipeds
Clark University,Clark University,165334,ipeds
Clemson University,Clemson University,217882,ipeds
College of Menominee Nation,College of Menominee Nation,413617,ipeds
College of William and Mary,College of William and Mary,231624,ipeds
Columbia,Columbia College,112561,ipeds
Columbia,Columbia College,112561,ipeds
Columbia,Columbia College,112561,ipeds
Columbia,Columbia College,112561,ipeds
Columbia,Columbia College,112561,ipeds
Columbia,Columbia College,177065,ipeds
Columbia,Columbia College,177065,ipeds
Columbia,Columbia College,177065,ipeds
Columbia,Columbia College,177065,ipeds
Columbia,Columbia College,177065,ipeds
Columbia,Columbia College,217934,ipeds
Columbia,Columbia College,217934,ipeds
Columbia,Columbia College,217934,ipeds
Columbia,Columbia College,217934,ipeds
Columbia,Columbia College,217934,ipeds
Columbia,Columbia College,455983,ipeds
Columbia,Columbia College,455983,ipeds
Columbia,Columbia College,455983,ipeds
Columbia,Columbia College,455983,ipeds
Columbia,Columbia College,455983,ipeds
Columbia,Columbia College,479248,ipeds
Columbia,Columbia College,479248,ipeds
Columbia,Columbia College,479248,ipeds
Columbia,Columbia College,479248,ipeds
Columbia,Columbia College,479248,ipeds
Columbia College Chicago,Columbia College Chicago,144281,ipeds
Community College of Allegheny County,Community College of Allegheny County,210605,ipeds
Concordia,Concordia University,IAU-003125-1,glued
Concordia University,Concordia University,IAU-003125-1,glued
Cornell,Cornell University,190415,ipeds
Cornell University,Cornell University,190415,ipeds
Dalhousie,Dalhousie University,IAU-003505-3,glued
Dalhousie University,Dalhousie University,IAU-003505-3,glued
Davidson College,Davidson College,198385,ipeds
DePaul,DePaul University,144740,ipeds
DePaul University,DePaul University,144740,ipeds
Drexel,Drexel University,212054,ipeds
Drexel University,Drexel University,212054,ipeds
Duke,Duke University,198419,ipeds
Duke University,Duke University,198419,ipeds
Dunwoody College of Technology,Dunwoody College of Technology,175227,ipeds
East Carolina University,East Carolina University,198464,ipeds
East Los Angeles College,East Los Angeles College,113856,ipeds
East Stroudsburg University of Pennsylvania,East Stroudsburg University of Pennsylvania,212115,ipeds
Eastern Illinois,Eastern Illinois University,144892,ipeds
Eastern Illinois University,Eastern Illinois University,144892,ipeds
Eastern Michigan University,Eastern Michigan University,169798,ipeds
Edinboro University of Pennsylvania,Edinboro University of Pennsylvania,212160,ipeds
Edward Waters College,Edward Waters College,133526,ipeds
Elmhurst College,Elmhurst College,144962,ipeds
Emerson College,Emerson College,165662,ipeds
Emmanuel Christian Seminary,Emmanuel Christian Seminary,220136,ipeds
Emory University,Emory University,139658,ipeds
Florida State University,Florida State University,134097,ipeds
Fuller Theological Seminary,Fuller Theological Seminary,114840,ipeds
George Mason University,George Mason University,232186,ipeds
George Washington University,George Washington University,131469,ipeds
Georgetown,Georgetown University,131496,ipeds
Georgetown University,Georgetown University,131496,ipeds
Georgia Institute of Technology,Georgia Institute of Technology-Main Campus,139755,ipeds
Georgia State University,Georgia State University,139940,ipeds
Grossmont College,Grossmont College,115296,ipeds
Guilford College,Guilford College,198613,ipeds
Harvard,Harvard University,166027,ipeds
Harvard University,Harvard University,166027,ipeds
Holy Cross,Holy Cross College,150774,ipeds
Houston Community College,Houston Community College,225423,ipeds
Howard University,Howard University,131520,ipeds
Indiana University of Pennsylvania,Indiana University of Pennsylvania-Main Campus,213020,ipeds
Iowa State University,Iowa State University,153603,ipeds
Johns Hopkins,Johns Hopkins University,162928,ipeds
Johns Hopkins University,Johns Hopkins University,162928,ipeds
Kansas State University,Kansas State University,155399,ipeds
Kennesaw State University,Kennesaw State University,140164,ipeds
Kennesaw State University,Kennesaw State University,140164,ipeds
Kennesaw State University,Kennesaw State University,486840,ipeds
Kennesaw State University,Kennesaw State University,486840,ipeds
Kentucky State University,Kentucky State University,157058,ipeds
Kenyon College,Kenyon College,203535,ipeds
Kutztown University of Pennsylvania,Kutztown University of Pennsylvania,213349,ipeds
Kwantlen Polytechnic University,Kwantlen Polytechnic University,IAU-010661-1,glued
Lane Community,Lane Community College,209038,ipeds
Lesley,Lesley University,166452,ipeds
Lesley University,Lesley University,166452,ipeds
Lewis & Clark,Lewis & Clark College,209056,ipeds
Lewis & Clark College,Lewis & Clark College,209056,ipeds
Lewis University,Lewis University,146612,ipeds
Lutheran School of Theology at Chicago,Lutheran School of Theology at Chicago,146728,ipeds
Macalester College,Macalester College,173902,ipeds
Mansfield University of Pennsylvania,Mansfield University of Pennsylvania,213783,ipeds
Massachusetts College of Art and Design,Massachusetts College of Art and Design,166674,ipeds
Massachusetts Institute of Technology,Massachusetts Institute of Technology,166683,ipeds
Michigan State University,Michigan State University,171100,ipeds
Middlebury College,Middlebury College,230959,ipeds
Millersville University of Pennsylvania,Millersville University of Pennsylvania,214041,ipeds
Milligan College,Milligan College,221014,ipeds
Milligan College,Milligan College,221014,ipeds
Milligan College,Milligan College,486901,ipeds
Milligan College,Milligan College,486901,ipeds
Morehouse College,Morehouse College,140553,ipeds
Mount Holyoke,Mount Holyoke College,166939,ipeds
Mount Royal University,Mount Royal University,IAU-012199-1,glued
Murray State University,Murray State University,157401,ipeds
New York University,New York University,193900,ipeds
Northeastern,Northeastern University,167358,ipeds
Northeastern Illinois,Northeastern Illinois University,147776,ipeds
Northeastern Illinois University,Northeastern Illinois University,147776,ipeds
Northeastern University,Northeastern University,167358,ipeds
Northwestern,Northwestern University,147767,ipeds
Northwestern University,Northwestern University,147767,ipeds
Notre Dame,Notre Dame College,204468,ipeds
Oberlin,Oberlin College,204501,ipeds
Oberlin College,Oberlin College,204501,ipeds
Ohio State University,Ohio State University-Main Campus,204796,ipeds
Ohio University,Ohio University-Main Campus,204857,ipeds
Oklahoma State University,Oklahoma State University-Main Campus,207388,ipeds
Otterbein University,Otterbein University,204936,ipeds
Pacific,Pacific University,209612,ipeds
Pacific University,Pacific University,209612,ipeds
Palomar College,Palomar College,120971,ipeds
Pitzer College,Pitzer College,121257,ipeds
Pomona,Pomona College,121345,ipeds
Pomona College,Pomona College,121345,ipeds
Princeton,Princeton University,186131,ipeds
Princeton University,Princeton University,186131,ipeds
Reed College,Reed College,209922,ipeds
Saginaw Valley State University,Saginaw Valley State University,172051,ipeds
Saint Mary's,Saint Mary's University,IAU-014271-1,glued
Salt Lake Community College,Salt Lake Community College,230746,ipeds
San Diego City College,San Diego City College,122339,ipeds
San Diego State,San Diego State University,122409,ipeds
San Diego State University,San Diego State University,122409,ipeds
Shaw,Shaw University,199643,ipeds
Shippensburg University of Pennsylvania,Shippensburg University of Pennsylvania,216010,ipeds
Simon Fraser University,Simon Fraser University,IAU-015440-1,glued
Slippery Rock University of Pennsylvania,Slippery Rock University of Pennsylvania,216038,ipeds
Smith College,Smith College,167835,ipeds
South Carolina State,South Carolina State University,218733,ipeds
South Puget Sound Community College,South Puget Sound Community College,236656,ipeds
Southern Connecticut State University,Southern Connecticut State University,130493,ipeds
Southern Methodist University,Southern Methodist University,228246,ipeds
Southwestern College,Southwestern College,123800,ipeds
Southwestern College,Southwestern College,123800,ipeds
Southwestern College,Southwestern College,123800,ipeds
Southwestern College,Southwestern College,155900,ipeds
Southwestern College,Southwestern College,155900,ipeds
Southwestern College,Southwestern College,155900,ipeds
Southwestern College,Southwestern College,188207,ipeds
Southwestern College,Southwestern College,188207,ipeds
Southwestern College,Southwestern College,188207,ipeds
Spelman College,Spelman College,141060,ipeds
St Olaf College,St Olaf College,174844,ipeds
Stanford,Stanford University,243744,ipeds
Syracuse,Syracuse University,196413,ipeds
Temple,Temple University,216339,ipeds
Temple University,Temple University,216339,ipeds
Texas Southern University,Texas Southern University,229063,ipeds
Texas State,Texas State University,228459,ipeds
Texas State University,Texas State University,228459,ipeds
The New School,The New School,193654,ipeds
The University of Texas at San Antonio,The University of Texas at San Antonio,229027,ipeds
Towson University,Towson University,164076,ipeds
Trent,Trent University,IAU-016840-1,glued
Tufts,Tufts University,168148,ipeds
Tufts University,Tufts University,168148,ipeds
Université de Montréal (UdeM),Université de Montréal (UdeM),IAU-019623-1,glued
Université du Québec à Montréal (UQAM),Université du Québec à Montréal (UQAM),IAU-019703-1,glued
University at Buffalo,University at Buffalo,196088,ipeds
University of California Berkeley,University of California-Berkeley,110635,ipeds
University of California Davis,University of California-Davis,110644,ipeds
University of California Merced,University of California-Merced,445188,ipeds
University of Central Florida,University of Central Florida,132903,ipeds
University of Chicago,University of Chicago,144050,ipeds
University of Florida,University of Florida,134130,ipeds
University of Houston,University of Houston,225511,ipeds
University of Idaho,University of Idaho,142285,ipeds
University of Illinois at Chicago,University of Illinois at Chicago,145600,ipeds
University of Illinois at Urbana-Champaign,University of Illinois at Urbana-Champaign,145637,ipeds
University of Kansas,University of Kansas,155317,ipeds
University of Louisville,University of Louisville,157289,ipeds
University of Memphis,University of Memphis,220862,ipeds
University of Michigan-Ann Arbor,University of Michigan-Ann Arbor,170976,ipeds
University of New Mexico,University of New Mexico-Main Campus,187985,ipeds
University of North Texas,University of North Texas,227216,ipeds
University of Notre Dame,University of Notre Dame,152080,ipeds
University of Oregon,University of Oregon,209551,ipeds
University of Pennsylvania,University of Pennsylvania,215062,ipeds
University of Puget Sound,University of Puget Sound,236328,ipeds
University of San Diego,University of San Diego,122436,ipeds
University of Southern California,University of Southern California,123961,ipeds
University of the District of Columbia,University of the District of Columbia,131399,ipeds
University of Utah,University of Utah,230764,ipeds
University of Virginia,University of Virginia-Main Campus,234076,ipeds
University of Windsor,University of Windsor,IAU-020639-1,glued
Valdosta State University,Valdosta State University,141264,ipeds
Wake Forest University,Wake Forest University,199847,ipeds
Washington State University,Washington State University,236939,ipeds
Weber State,Weber State University,230782,ipeds
Wellesley College,Wellesley College,168218,ipeds
Wesleyan University,Wesleyan University,130697,ipeds
West Chester University of Pennsylvania,West Chester University of Pennsylvania,216764,ipeds
Western Illinois University,Western Illinois University,149772,ipeds
Westminster College,Westminster College,179946,ipeds
Westminster College,Westminster College,179946,ipeds
Westminster College,Westminster College,179946,ipeds
Westminster College,Westminster College,216807,ipeds
Westminster College,Westminster College,216807,ipeds
Westminster College,Westminster College,216807,ipeds
Westminster College,Westminster College,230807,ipeds
Westminster College,Westminster College,230807,ipeds
Westminster College,Westminster College,230807,ipeds
Worcester State University,Worcester State University,168430,ipeds
Wright State University,Wright State University-Main Campus,206604,ipeds
Yale,Yale University,130794,ipeds
Yale University,Yale University,130794,ipeds
York,York University,IAU-021739-1,glued
York University,York University,IAU-021739-1,glued
